pdb_id,exclusion_reason
1a30,Unprocessable ligand (RDKit)
1bzc,Unprocessable ligand (RDKit)
1c5z,Unprocessable ligand (RDKit)
1k1i,Unprocessable ligand (RDKit)
1lpg,Unprocessable ligand (RDKit)
1o0h,Unprocessable ligand (RDKit)
1o3f,Unprocessable ligand (RDKit)
1o5b,Unprocessable ligand (RDKit)
1owh,Unprocessable ligand (RDKit)
1oyt,Unprocessable ligand (RDKit)
1p1n,Unprocessable ligand (RDKit)
1p1q,Unprocessable ligand (RDKit)
1pxn,Unprocessable pocket (RDKit)
1qf1,Unprocessable ligand (RDKit)
1sqa,Unprocessable ligand (RDKit)
1syi,Unprocessable ligand (RDKit)
1u1b,Unprocessable ligand (RDKit)
1vso,Unprocessable ligand (RDKit)
1w4o,Unprocessable ligand (RDKit)
1yc1,Unprocessable ligand (RDKit)
1z9g,Unprocessable ligand (RDKit)
2al5,Unprocessable ligand (RDKit)
2hb1,Unprocessable ligand (RDKit)
2p4y,Unprocessable ligand (RDKit)
2qbp,Unprocessable ligand (RDKit)
2qbq,Unprocessable ligand (RDKit)
2qbr,Unprocessable ligand (RDKit)
2r9w,Unprocessable ligand (RDKit)
2wtv,Unprocessable ligand (RDKit)
2xb8,Unprocessable ligand (RDKit)
2yfe,Unprocessable ligand (RDKit)
2zcq,Unprocessable ligand (RDKit)
2zcr,Unprocessable ligand (RDKit)
2zda,Unprocessable ligand (RDKit)
2zy1,Unprocessable ligand (RDKit)
3ag9,Unprocessable ligand (RDKit)
3aru,Missing pK label (PDBbind Refined v2020 index)
3arv,Missing pK label (PDBbind Refined v2020 index)
3ary,Missing pK label (PDBbind Refined v2020 index)
3bgz,Unprocessable ligand (RDKit)
3bv9,Unprocessable ligand (RDKit)
3cj4,Unprocessable ligand (RDKit)
3d6q,Missing pK label (PDBbind Refined v2020 index)
3dxg,Unprocessable ligand (RDKit)
3ehy,Unprocessable ligand (RDKit)
3f3a,Unprocessable ligand (RDKit)
3f3c,Unprocessable ligand (RDKit)
3f3d,Unprocessable ligand (RDKit)
3f3e,Unprocessable ligand (RDKit)
3fcq,Unprocessable ligand (RDKit)
3fv1,Unprocessable ligand (RDKit)
3fv2,Unprocessable ligand (RDKit)
3g2n,Missing pK label (PDBbind Refined v2020 index)
3g31,Unprocessable ligand (RDKit)
3gbb,Unprocessable ligand (RDKit)
3gc5,Unprocessable ligand (RDKit)
3ge7,Unprocessable ligand (RDKit)
3gv9,Unprocessable ligand (RDKit)
3gy4,Unprocessable ligand (RDKit)
3ivg,Unprocessable ligand (RDKit)
3kgp,Unprocessable ligand (RDKit)
3l7b,Missing pK label (PDBbind Refined v2020 index)
3n76,Unprocessable ligand (RDKit)
3n7a,Unprocessable ligand (RDKit)
3n86,Unprocessable ligand (RDKit)
3nq9,Unprocessable ligand (RDKit)
3nw9,Missing pK label (PDBbind Refined v2020 index)
3pxf,Unprocessable ligand (RDKit)
3qqs,Unprocessable ligand (RDKit)
3r88,Unprocessable ligand (RDKit)
3syr,Missing pK label (PDBbind Refined v2020 index)
3tsk,Unprocessable ligand (RDKit)
3twp,Unprocessable ligand (RDKit)
3u9q,Unprocessable ligand (RDKit)
3ueu,Unprocessable ligand (RDKit)
3uev,Unprocessable ligand (RDKit)
3uew,Unprocessable ligand (RDKit)
3uex,Unprocessable ligand (RDKit)
3uo4,Unprocessable ligand (RDKit)
3up2,Unprocessable ligand (RDKit)
3uri,Unprocessable ligand (RDKit)
3utu,Unprocessable ligand (RDKit)
3wtj,Unprocessable ligand (RDKit)
3zso,Unprocessable ligand (RDKit)
3zsx,Unprocessable ligand (RDKit)
3zt2,Unprocessable ligand (RDKit)
4cig,Unprocessable ligand (RDKit)
4ciw,Unprocessable ligand (RDKit)
4ddh,Unprocessable ligand (RDKit)
4ddk,Unprocessable ligand (RDKit)
4de3,Missing pK label (PDBbind Refined v2020 index)
4djv,Unprocessable ligand (RDKit)
4dld,Unprocessable ligand (RDKit)
4dli,Missing pK label (PDBbind Refined v2020 index)
4eky,Missing pK label (PDBbind Refined v2020 index)
4eo8,Unprocessable ligand (RDKit)
4gkm,Unprocessable ligand (RDKit)
4gr0,Unprocessable ligand (RDKit)
4jxs,Unprocessable ligand (RDKit)
4kz6,Unprocessable ligand (RDKit)
4m0z,Missing pK label (PDBbind Refined v2020 index)
4mme,Unprocessable ligand (RDKit)
4owm,Unprocessable ligand (RDKit)
4tmn,Unprocessable ligand (RDKit)
4u4s,Missing pK label (PDBbind Refined v2020 index)
4x6p,Missing pK label (PDBbind Refined v2020 index)
5tmn,Unprocessable ligand (RDKit)
